reference,manufacturer_part_number,jlcpcb_part_number,resistance_ohms,capacitance_f,inductance_h,fit_default,optional_reason
"C1","CL05B104KO5NNNC","C1525","","1e-7","","true",""
"C2","CL05A475MP5NRNC","C23733","","0.0000047","","true",""
"C3","CL05B104KO5NNNC","C1525","","1e-7","","true",""
"C4","CL05B104KO5NNNC","C1525","","1e-7","","true",""
"C5","CL05B104KO5NNNC","C1525","","1e-7","","true",""
"C6","CL05B104KO5NNNC","C1525","","1e-7","","false","Supply bypass for optional U4; omit with encoder"
"C7","CL05B104KO5NNNC","C1525","","1e-7","","true",""
"C8","CL31A106KBHNNNE","C13585","","0.00001","","true",""
"C9","CC0603KRX7R9BB104","C14663","","1e-7","","true",""
"C10","CC0603KRX7R9BB104","C14663","","1e-7","","true",""
"C11","CL21A226MAQNNNE","C45783","","0.000022","","true",""
"C12","CL21A226MAQNNNE","C45783","","0.000022","","true",""
"C13","CL05B223KB5VPNC","C307335","","2.2e-8","","true",""
"C14","CC0603KRX7R9BB104","C14663","","1e-7","","true",""
"C15","CL21A475KBQNNNE","C98192","","0.0000047","","true",""
"C16","CL05B104KO5NNNC","C1525","","1e-7","","true",""
"C17","CC0603KRX7R9BB104","C14663","","1e-7","","true",""
"C18","CL31A106KBHNNNE","C13585","","0.00001","","true",""
"C19","EEEFPV101XAP","C178585","","0.0001","","true",""
"C20","EEEFPV101XAP","C178585","","0.0001","","true",""
"C21","CL05B104KO5NNNC","C1525","","1e-7","","true",""
"C22","CL05B104KO5NNNC","C1525","","1e-7","","true",""
"C23","TCC0402COG331J500AT","C5448795","","3.3e-10","","true",""
"C24","TCC0402COG331J500AT","C5448795","","3.3e-10","","true",""
"C25","UMK107BBJ225KA-T","C268016","","0.0000022","","true",""
"C26","CC0603KRX7R9BB104","C14663","","1e-7","","true",""
"C27","CL05B104KO5NNNC","C1525","","1e-7","","true",""
"C28","CL05B104KO5NNNC","C1525","","1e-7","","true",""
"C29","CL05B104KO5NNNC","C1525","","1e-7","","true",""
"C30","CL05B104KO5NNNC","C1525","","1e-7","","true",""
"C31","CL05B104KO5NNNC","C1525","","1e-7","","true",""
"C32","CL05B104KO5NNNC","C1525","","1e-7","","true",""
"C33","UMK107BBJ225KA-T","C268016","","0.0000022","","true",""
"C34","UMK107BBJ225KA-T","C268016","","0.0000022","","true",""
"D_CAN","SM712.TCT","C12067","","","","true",""
"D_IO1","TPD4E05U06DQAR","C138714","","","","true",""
"D_IO2","TPD4E05U06DQAR","C138714","","","","true",""
"D_USB","TPD2EUSB30ADRTR","C94934","","","","true",""
"D_VBUS","ESDA25P35-1U1M","C1974707","","","","true",""
"J_IO","SM10B-SRSS-TB(LF)(SN)","C160409","","","","true",""
"J_MOTOR","SM04B-GHS-TB(LF)(SN)","C189895","","","","true",""
"J_SWD","SM05B-SRSS-TB(LF)(SN)","C136657","","","","true",""
"J_USB","USB4110-GF-A","C5143397","","","","true",""
"L1","SRN6028C-3R9M","C19947652","","","3.9uH","true",""
"LED_FAULT","XL-1608SYGC-06","C965805","","","","true",""
"LED_POWER","XL-1608SYGC-06","C965805","","","","true",""
"LED_STATUS","XL-1608SYGC-06","C965805","","","","true",""
"Q_ILIM","DMG1012T-7","C20512","","","","true",""
"Q_PD","STL11N3LLH6","C2965326","","","","true",""
"R1","0402WGF1002TCE","C25744","10000","","","true",""
"R2","0402WGF4701TCE","C25900","4700","","","true",""
"R3","0402WGF4701TCE","C25900","4700","","","true",""
"R4","0402WGF1001TCE","C11702","1000","","","true",""
"R5","RT1206BRD071RL","C513714","1","","","true",""
"R6","RT1206BRD071RL","C513714","1","","","true",""
"R7","0402WGF1002TCE","C25744","10000","","","true",""
"R8","0402WGF1002TCE","C25744","10000","","","true",""
"R9","0402WGF1002TCE","C25744","10000","","","true",""
"R10","0402WGF1002TCE","C25744","10000","","","true",""
"R11","0402WGF1002TCE","C25744","10000","","","true",""
"R12","0402WGF1002TCE","C25744","10000","","","true",""
"R13","RT0402BRD07100KL","C852472","100000","","","true",""
"R14","0402WGF1001TCE","C11702","1000","","","true",""
"R15","RT0402BRD076K04L","C852895","6040","","","true",""
"R16","0402WGF2203TCE","C25767","220000","","","true",""
"R17","0402WGF1002TCE","C25744","10000","","","true",""
"R18","0402WGF1001TCE","C11702","1000","","","true",""
"R19","0402WGF1002TCE","C25744","10000","","","true",""
"R20","0402WGF1000TCE","C25076","100","","","true",""
"R21","0402WGF1000TCE","C25076","100","","","true",""
"R22","0402WGF1000TCE","C25076","100","","","true",""
"R23","0402WGF1001TCE","C11702","1000","","","true",""
"R24","0402WGF1001TCE","C11702","1000","","","true",""
"R25","0402WGF1001TCE","C11702","1000","","","true",""
"R26","0402WGF1001TCE","C11702","1000","","","true",""
"R27","0402WGF1001TCE","C11702","1000","","","true",""
"R28","0402WGF1002TCE","C25744","10000","","","true",""
"R29","0402WGF1002TCE","C25744","10000","","","true",""
"R30","0402WGF1002TCE","C25744","10000","","","true",""
"R31","0402WGF1002TCE","C25744","10000","","","true",""
"R32","0402WGF1002TCE","C25744","10000","","","true",""
"R33","0402WGF1002TCE","C25744","10000","","","true",""
"R34","0402WGF1002TCE","C25744","10000","","","true",""
"R35","0402WGF1001TCE","C11702","1000","","","true",""
"R36","0402WGF1001TCE","C11702","1000","","","true",""
"R37","0402WGF1001TCE","C11702","1000","","","true",""
"R38","RT0402BRD07100KL","C852472","100000","","","true",""
"R39","0402WGF4702TCE","C25792","47000","","","true",""
"R40","RT0402BRD07100KL","C852472","100000","","","true",""
"R41","0402WGF1001TCE","C11702","1000","","","true",""
"R42","0402WGF4701TCE","C25900","4700","","","true",""
"R43","RT0402BRD076K04L","C852895","6040","","","true",""
"R44","0402WGF2402TCE","C25769","24000","","","true",""
"R45","0402WGF2402TCE","C25769","24000","","","true",""
"R46","0402WGF1002TCE","C25744","10000","","","true",""
"R48","0402WGF1002TCE","C25744","10000","","","true",""
"R49","0402WGF1200TCE","C25079","120","","","true",""
"R50","0402WGF0000TCE","C17168","0","","","false","CAN termination link: omit except on bus endpoints"
"R51","RT0402BRD07100KL","C852472","100000","","","true",""
"R52","RT0402BRD07100KL","C852472","100000","","","true",""
"R53","RT0402BRD07100KL","C852472","100000","","","true",""
"U1","STM32G0B1CBT6","C2847904","","","","true",""
"U2","TMC2209-LA","C465949","","","","true",""
"U3","TCPP01-M12","C1121848","","","","true",""
"U4","AS5600-ASOM","C79815","","","","false","Default open-loop assembly: selected motor has no rear shaft for AS5600 magnet"
"U5","AP63203WU-7","C780769","","","","true",""
"U6","SN65HVD230DR","C12084","","","","true",""
"U7","TMUX1511RSVR","C2673275","","","","true",""
"U8","TLV803EA30DBZR","C5218924","","","","true",""
"U9","TMP112AIDRLR","C28927","","","","true",""
"U10","TPS26600RHFR","C2155767","","","","true",""
