"Designator","Comment","Value","Footprint","JLCPCB Part #"
"U1","","C2847904","C2847904","C2847904"
"C1","100n","100n","C1525","C1525"
"C2","4.7u","4.7u","C23733","C23733"
"C3","100n","100n","C1525","C1525"
"C4","100n","100n","C1525","C1525"
"R1","10k","10k","C25744","C25744"
"C5","100n","100n","C1525","C1525"
"R2","4.7k","4.7k","C25900","C25900"
"R3","4.7k","4.7k","C25900","C25900"
"U6","","C12084","C12084","C12084"
"C7","100n","100n","C1525","C1525"
"R49","120","120","C25079","C25079"
"U5","","C780769","C780769","C780769"
"C8","10u","10u","C13585","C13585"
"C9","100n","100n","C14663","C14663"
"C10","100n","100n","C14663","C14663"
"L1","","C19947652","C19947652","C19947652"
"C11","22u","22u","C45783","C45783"
"C12","22u","22u","C45783","C45783"
"U2","","C2150710","C2150710","C2150710"
"C13","22n","22n","C307335","C307335"
"C14","100n","100n","C14663","C14663"
"C15","4.7u","4.7u","C98192","C98192"
"C16","100n","100n","C1525","C1525"
"C17","100n","100n","C14663","C14663"
"C18","10u","10u","C13585","C13585"
"C19","100u","100u","C178585","C178585"
"C20","100u","100u","C178585","C178585"
"R5","1","1","C513714","C513714"
"R6","1","1","C513714","C513714"
"R4","1k","1k","C11702","C11702"
"R7","10k","10k","C25744","C25744"
"R8","10k","10k","C25744","C25744"
"R9","10k","10k","C25744","C25744"
"R10","10k","10k","C25744","C25744"
"R11","10k","10k","C25744","C25744"
"C21","100n","100n","C1525","C1525"
"J_USB","","C5143397","C5143397","C5143397"
"U3","","C1121848","C1121848","C1121848"
"Q_PD","","C2965326","C2965326","C2965326"
"D_USB","","C97502","C97502","C97502"
"D_VBUS","","C1974707","C1974707","C1974707"
"C25","2.2u","2.2u","C268016","C268016"
"C26","100n","100n","C14663","C14663"
"C22","100n","100n","C1525","C1525"
"C23","330p","330p","C5448795","C5448795"
"C24","330p","330p","C5448795","C5448795"
"R12","10k","10k","C25744","C25744"
"R13","100k","100k","C852472","C852472"
"R14","1k","1k","C11702","C11702"
"R15","6.04k","6.04k","C852895","C852895"
"R16","220k","220k","C25767","C25767"
"R17","10k","10k","C25744","C25744"
"R18","1k","1k","C11702","C11702"
"C27","100n","100n","C1525","C1525"
"J_SWD","","C136657","C136657","C136657"
"U7","","C2673275","C2673275","C2673275"
"U8","","C5218924","C5218924","C5218924"
"R19","10k","10k","C25744","C25744"
"C28","100n","100n","C1525","C1525"
"C29","100n","100n","C1525","C1525"
"R20","100","100","C25076","C25076"
"R21","100","100","C25076","C25076"
"R22","100","100","C25076","C25076"
"R51","100k","100k","C852472","C852472"
"R52","100k","100k","C852472","C852472"
"R53","100k","100k","C852472","C852472"
"J_IO","","C160409","C160409","C160409"
"J_MOTOR","","C189895","C189895","C189895"
"U9","","C28927","C28927","C28927"
"D_IO1","","C138714","C138714","C138714"
"D_IO2","","C138714","C138714","C138714"
"D_CAN","","C12067","C12067","C12067"
"R23","1k","1k","C11702","C11702"
"R24","1k","1k","C11702","C11702"
"R25","1k","1k","C11702","C11702"
"R26","1k","1k","C11702","C11702"
"R27","1k","1k","C11702","C11702"
"R28","10k","10k","C25744","C25744"
"R29","10k","10k","C25744","C25744"
"R30","10k","10k","C25744","C25744"
"R31","10k","10k","C25744","C25744"
"R32","10k","10k","C25744","C25744"
"R33","10k","10k","C25744","C25744"
"R34","10k","10k","C25744","C25744"
"C30","100n","100n","C1525","C1525"
"C31","100n","100n","C1525","C1525"
"C32","100n","100n","C1525","C1525"
"R35","1k","1k","C11702","C11702"
"LED_POWER","","C965805","C965805","C965805"
"R36","1k","1k","C11702","C11702"
"LED_STATUS","","C965805","C965805","C965805"
"R37","1k","1k","C11702","C11702"
"LED_FAULT","","C965805","C965805","C965805"
"U10","","C2155767","C2155767","C2155767"
"Q_ILIM","","C20512","C20512","C20512"
"R38","100k","100k","C852472","C852472"
"R39","47k","47k","C25792","C25792"
"R40","100k","100k","C852472","C852472"
"R41","1k","1k","C11702","C11702"
"R42","4.7k","4.7k","C25900","C25900"
"R43","6.04k","6.04k","C852895","C852895"
"R44","24k","24k","C25769","C25769"
"R45","24k","24k","C25769","C25769"
"R46","10k","10k","C25744","C25744"
"C33","2.2u","2.2u","C268016","C268016"
"C34","2.2u","2.2u","C268016","C268016"
"R48","10k","10k","C25744","C25744"