Designator,Mid X,Mid Y,Layer,Rotation
U1,8.500,1.300,top,0
C1,8.000,-4.600,top,180
C2,8.000,-6.750,top,0
C3,5.750,-4.600,top,180
C4,6.000,-6.750,top,0
R1,10.250,-5.000,top,0
C5,15.000,-3.500,top,0
R2,1.000,-3.000,top,0
R3,1.000,-5.000,top,0
U6,6.500,12.000,bottom,180
C7,5.800,7.600,bottom,180
R49,10.750,12.750,bottom,180
U5,-15.500,-6.000,top,180
C8,-14.000,-4.250,bottom,90
C9,-15.500,-3.000,top,0
C10,-15.500,-9.750,top,180
L1,-10.150,-9.150,top,270
C11,-9.500,-14.000,top,0
C12,-9.500,-15.750,bottom,0
U2,-9.000,0.700,top,0
C13,-8.750,-3.500,top,0
C14,-5.750,-3.500,top,0
C15,-3.500,-0.500,top,90
C16,-5.350,4.750,top,0
C17,-14.000,-0.750,bottom,0
C18,-14.000,3.500,bottom,0
C19,-11.100,8.500,top,0
C20,7.750,11.500,top,0
R5,-14.850,2.400,top,180
R6,-14.850,-0.200,top,180
R4,-4.000,3.000,top,180
R7,-6.000,-5.000,top,180
R8,-3.000,5.000,top,0
R9,-0.750,5.500,top,0
R10,-5.250,6.000,top,0
R11,-3.000,6.250,top,0
C21,-9.000,3.250,bottom,90
J_USB,0.000,-12.700,top,0
U3,-11.500,11.000,bottom,180
Q_PD,-10.000,-2.630,bottom,180
D_USB,2.000,-7.000,top,0
D_VBUS,-6.500,-13.500,bottom,180
C25,-10.000,-13.500,bottom,180
C26,-10.500,14.550,bottom,180
C22,-8.400,10.900,bottom,0
C23,-1.250,-11.250,bottom,0
C24,1.250,-11.250,bottom,180
R12,-15.500,-7.750,bottom,180
R13,-4.000,0.000,bottom,0
R14,2.000,-5.250,bottom,0
R15,4.250,-7.750,bottom,180
R16,2.000,-12.500,bottom,0
R17,4.500,-12.000,bottom,0
R18,3.000,-13.750,bottom,0
C27,4.250,-6.500,bottom,180
J_SWD,14.400,-8.400,top,90
U7,7.200,-10.000,bottom,180
U8,7.200,-6.500,bottom,180
R19,9.250,-2.750,bottom,180
C28,10.200,-10.600,bottom,0
C29,4.250,-5.000,bottom,180
R20,12.250,-10.000,bottom,180
R21,12.000,-12.000,bottom,180
R22,11.750,-13.750,bottom,180
R51,5.000,-3.750,bottom,180
R52,8.500,-4.000,bottom,180
R53,10.750,-4.750,bottom,180
J_IO,14.000,4.000,bottom,90
J_MOTOR,-1.750,11.900,top,180
U9,-7.000,6.000,bottom,180
D_IO1,9.000,2.500,bottom,180
D_IO2,9.000,0.500,bottom,180
D_CAN,8.750,5.500,bottom,180
R23,5.750,6.000,bottom,180
R24,5.500,4.000,bottom,180
R25,6.000,2.000,bottom,180
R26,6.250,0.000,bottom,180
R27,7.000,-2.000,bottom,180
R28,3.500,6.000,bottom,180
R29,4.000,2.750,bottom,180
R30,4.000,1.500,bottom,0
R31,4.000,0.000,bottom,0
R32,4.750,-2.000,bottom,0
R33,-4.500,6.000,bottom,180
R34,3.750,7.500,bottom,180
C30,10.250,11.500,bottom,180
C31,9.250,-1.250,bottom,0
C32,-7.000,8.050,bottom,180
R35,-1.000,4.750,bottom,180
LED_POWER,-1.000,2.000,top,0
R36,-1.000,6.000,bottom,180
LED_STATUS,1.000,4.000,top,0
R37,1.250,6.000,bottom,180
LED_FAULT,1.000,0.000,top,0
U10,-4.500,-7.750,bottom,180
Q_ILIM,-5.000,-3.000,bottom,180
R38,-5.750,-11.250,bottom,0
R39,-4.250,-13.200,bottom,0
R40,-13.250,-7.500,bottom,0
R41,-6.000,-1.250,bottom,0
R42,0.000,-12.800,bottom,90
R43,0.400,-15.850,bottom,0
R44,-1.850,-16.190,bottom,0
R45,-0.250,-5.250,bottom,180
R46,-7.000,0.000,bottom,180
C33,0.800,-6.500,bottom,0
C34,-8.250,-11.875,bottom,180
R48,-2.000,-13.750,bottom,180